year,area_code,borough,nightly_paid,leased,hostels,bed_and_breakfast,la_ha_stock,other_ta,ta_admin,prevention,total_homelessness,ta_total
2021-22,E09000002,Barking and Dagenham,0.0,3224000.0,-2346000.0,0.0,-590000.0,0.0,2413000.0,309000.0,4564000.0,288000.0
2021-22,E09000003,Barnet,1930000.0,0.0,0.0,0.0,0.0,2334000.0,0.0,4861000.0,9180000.0,4264000.0
2021-22,E09000004,Bexley,8765000.0,2092000.0,192000.0,0.0,-790000.0,-16000.0,606000.0,267000.0,11116000.0,10243000.0
2021-22,E09000005,Brent,1183000.0,977000.0,0.0,8002000.0,2926000.0,377000.0,6235000.0,0.0,22640000.0,13465000.0
2021-22,E09000006,Bromley,7520000.0,2057000.0,0.0,0.0,-82000.0,0.0,0.0,768000.0,15915000.0,9495000.0
2021-22,E09000007,Camden,5584000.0,469000.0,3557000.0,643000.0,0.0,0.0,0.0,0.0,16624000.0,10253000.0
2021-22,E09000001,City of London,0.0,0.0,0.0,204000.0,0.0,0.0,0.0,4160000.0,4364000.0,204000.0
2021-22,E09000008,Croydon,0.0,4802000.0,-132000.0,4846000.0,-124000.0,0.0,0.0,5839000.0,15232000.0,9392000.0
2021-22,E09000009,Ealing,0.0,9452000.0,-145000.0,275000.0,-99000.0,0.0,0.0,9664000.0,19147000.0,9483000.0
2021-22,E09000010,Enfield,9241000.0,903000.0,321000.0,0.0,0.0,0.0,1359000.0,1746000.0,13570000.0,10465000.0
2021-22,E09000011,Greenwich,6620000.0,627000.0,0.0,0.0,-3771000.0,0.0,1189000.0,2760000.0,7916000.0,3476000.0
2021-22,E09000012,Hackney,8624000.0,2422000.0,2851000.0,795000.0,0.0,0.0,0.0,11042000.0,25734000.0,14692000.0
2021-22,E09000013,Hammersmith and Fulham,0.0,6642000.0,0.0,1461000.0,0.0,0.0,462000.0,3440000.0,13513000.0,8103000.0
2021-22,E09000014,Haringey,0.0,7510000.0,214000.0,0.0,0.0,524000.0,0.0,0.0,20030000.0,8248000.0
2021-22,E09000015,Harrow,0.0,2742000.0,47000.0,1505000.0,-2040000.0,0.0,3067000.0,0.0,5320000.0,2254000.0
2021-22,E09000016,Havering,0.0,3939000.0,0.0,3000.0,0.0,0.0,562000.0,3387000.0,7893000.0,3942000.0
2021-22,E09000017,Hillingdon,0.0,0.0,0.0,1550000.0,0.0,308000.0,3486000.0,4020000.0,9364000.0,1858000.0
2021-22,E09000018,Hounslow,565000.0,2468000.0,0.0,633000.0,0.0,-121000.0,3174000.0,1381000.0,10792000.0,3545000.0
2021-22,E09000019,Islington,2451000.0,208000.0,0.0,0.0,0.0,0.0,0.0,1724000.0,5541000.0,2659000.0
2021-22,E09000020,Kensington and Chelsea,0.0,5562000.0,0.0,-183000.0,117000.0,3401000.0,2822000.0,6574000.0,19591000.0,8897000.0
2021-22,E09000021,Kingston upon Thames,0.0,3991000.0,0.0,3129000.0,0.0,0.0,661000.0,0.0,7781000.0,7120000.0
2021-22,E09000022,Lambeth,0.0,0.0,0.0,23047000.0,0.0,0.0,0.0,4967000.0,28014000.0,23047000.0
2021-22,E09000023,Lewisham,2479000.0,3359000.0,-408000.0,5671000.0,-2067000.0,0.0,0.0,3340000.0,12374000.0,9034000.0
2021-22,E09000024,Merton,1679000.0,329000.0,60000.0,2000.0,0.0,0.0,594000.0,0.0,2665000.0,2070000.0
2021-22,E09000025,Newham,8274000.0,699000.0,1807000.0,2904000.0,199000.0,4423000.0,7109000.0,266000.0,25681000.0,18306000.0
2021-22,E09000026,Redbridge,2139000.0,5585000.0,-305000.0,4709000.0,-347000.0,11000.0,6249000.0,3125000.0,21164000.0,11792000.0
2021-22,E09000027,Richmond upon Thames,712000.0,692000.0,113000.0,369000.0,0.0,326000.0,1074000.0,1710000.0,6713000.0,2212000.0
2021-22,E09000028,Southwark,0.0,1438000.0,0.0,7459000.0,0.0,8571000.0,9300000.0,0.0,26768000.0,17468000.0
2021-22,E09000029,Sutton,0.0,249000.0,0.0,1082000.0,0.0,0.0,0.0,1600000.0,3400000.0,1331000.0
2021-22,E09000030,Tower Hamlets,1673000.0,1833000.0,0.0,-1217000.0,-6996000.0,0.0,2572000.0,4385000.0,2609000.0,-4707000.0
2021-22,E09000031,Waltham Forest,3609000.0,3359000.0,0.0,1237000.0,0.0,488000.0,1112000.0,4645000.0,14730000.0,8693000.0
2021-22,E09000032,Wandsworth,5526000.0,3785000.0,59000.0,1034000.0,0.0,68000.0,0.0,2853000.0,15354000.0,10472000.0
2021-22,E09000033,Westminster,-1209000.0,6414000.0,0.0,309000.0,-4378000.0,0.0,0.0,0.0,8963000.0,1136000.0
2022-23,E09000002,Barking and Dagenham,0.0,3691000.0,-1345000.0,0.0,-853000.0,0.0,2604000.0,3134000.0,7733000.0,1493000.0
2022-23,E09000003,Barnet,1482000.0,0.0,0.0,0.0,0.0,3371000.0,0.0,4501000.0,9599000.0,4853000.0
2022-23,E09000004,Bexley,5356000.0,3622000.0,321000.0,0.0,-423000.0,0.0,901000.0,0.0,10985000.0,8876000.0
2022-23,E09000005,Brent,-1138000.0,4248000.0,0.0,3016000.0,-2497000.0,0.0,0.0,19912000.0,23541000.0,3629000.0
2022-23,E09000006,Bromley,7934000.0,1921000.0,0.0,0.0,4000.0,0.0,0.0,633000.0,15691000.0,9859000.0
2022-23,E09000007,Camden,5523000.0,0.0,2325000.0,3345000.0,0.0,0.0,0.0,0.0,16650000.0,11193000.0
2022-23,E09000001,City of London,0.0,0.0,0.0,377000.0,0.0,0.0,0.0,4102000.0,4479000.0,377000.0
2022-23,E09000008,Croydon,4394000.0,3069000.0,-256000.0,1223000.0,74000.0,3557000.0,1336000.0,4771000.0,18731000.0,12061000.0
2022-23,E09000009,Ealing,0.0,9944000.0,430000.0,1576000.0,204000.0,0.0,0.0,9644000.0,21798000.0,12154000.0
2022-23,E09000010,Enfield,0.0,814000.0,0.0,4790000.0,3046000.0,0.0,718000.0,6137000.0,16683000.0,8650000.0
2022-23,E09000011,Greenwich,9382000.0,481000.0,0.0,0.0,-4735000.0,0.0,1347000.0,2271000.0,9473000.0,5128000.0
2022-23,E09000012,Hackney,7164000.0,2088000.0,3531000.0,326000.0,0.0,1210000.0,0.0,9529000.0,23848000.0,14319000.0
2022-23,E09000013,Hammersmith and Fulham,0.0,5681000.0,0.0,526000.0,0.0,0.0,556000.0,4084000.0,12435000.0,6207000.0
2022-23,E09000014,Haringey,0.0,5225000.0,-569000.0,0.0,0.0,600000.0,446000.0,252000.0,18296000.0,5256000.0
2022-23,E09000015,Harrow,2075000.0,1948000.0,39000.0,889000.0,-4188000.0,0.0,1456000.0,2696000.0,4914000.0,763000.0
2022-23,E09000016,Havering,2176000.0,2967000.0,677000.0,975000.0,0.0,0.0,647000.0,2997000.0,10439000.0,6795000.0
2022-23,E09000017,Hillingdon,0.0,0.0,0.0,2712000.0,0.0,254000.0,4975000.0,3167000.0,11108000.0,2966000.0
2022-23,E09000018,Hounslow,679000.0,3715000.0,0.0,4307000.0,0.0,36000.0,0.0,-315000.0,11625000.0,8737000.0
2022-23,E09000019,Islington,2576000.0,84000.0,0.0,0.0,0.0,0.0,670000.0,2214000.0,5855000.0,2660000.0
2022-23,E09000020,Kensington and Chelsea,0.0,8187000.0,0.0,300000.0,211000.0,3540000.0,2995000.0,7181000.0,23962000.0,12238000.0
2022-23,E09000021,Kingston upon Thames,0.0,3215000.0,0.0,3666000.0,0.0,0.0,450000.0,0.0,7331000.0,6881000.0
2022-23,E09000022,Lambeth,0.0,113000.0,0.0,33172000.0,0.0,0.0,0.0,4104000.0,37389000.0,33285000.0
2022-23,E09000023,Lewisham,2577000.0,7110000.0,-356000.0,10145000.0,-649000.0,0.0,0.0,3278000.0,22105000.0,18827000.0
2022-23,E09000024,Merton,0.0,0.0,0.0,3203000.0,0.0,0.0,0.0,427000.0,3630000.0,3203000.0
2022-23,E09000025,Newham,11378000.0,662000.0,0.0,942000.0,3394000.0,35000.0,3737000.0,4163000.0,24339000.0,16411000.0
2022-23,E09000026,Redbridge,2285000.0,5714000.0,-721000.0,3799000.0,-318000.0,0.0,1510000.0,7043000.0,21965000.0,10759000.0
2022-23,E09000027,Richmond upon Thames,2130000.0,736000.0,230000.0,517000.0,0.0,316000.0,1113000.0,1665000.0,8308000.0,3929000.0
2022-23,E09000028,Southwark,0.0,1930000.0,0.0,4776000.0,0.0,8036000.0,8554000.0,9000.0,23305000.0,14742000.0
2022-23,E09000029,Sutton,0.0,465000.0,0.0,3435000.0,0.0,0.0,0.0,0.0,3900000.0,3900000.0
2022-23,E09000030,Tower Hamlets,2765000.0,4587000.0,0.0,-150000.0,-5759000.0,4194000.0,3091000.0,6777000.0,15961000.0,5637000.0
2022-23,E09000031,Waltham Forest,3289000.0,1067000.0,0.0,1273000.0,0.0,826000.0,1202000.0,5019000.0,12990000.0,6455000.0
2022-23,E09000032,Wandsworth,9895000.0,4154000.0,18000.0,1764000.0,0.0,19000.0,0.0,3469000.0,21987000.0,15850000.0
2022-23,E09000033,Westminster,7654000.0,11373000.0,0.0,1445000.0,-4556000.0,0.0,0.0,0.0,23912000.0,15916000.0
2023-24,E09000002,Barking and Dagenham,0.0,4137000.0,-1348000.0,0.0,-783000.0,0.0,2880000.0,2608000.0,7494000.0,2006000.0
2023-24,E09000003,Barnet,3350000.0,0.0,0.0,0.0,-388000.0,4211000.0,0.0,6174000.0,13346000.0,7173000.0
2023-24,E09000004,Bexley,3007000.0,2519000.0,834000.0,0.0,-859000.0,0.0,2263000.0,0.0,11072000.0,5501000.0
2023-24,E09000005,Brent,2087000.0,15579000.0,0.0,15745000.0,-314000.0,0.0,0.0,15981000.0,49078000.0,33097000.0
2023-24,E09000006,Bromley,12137000.0,2153000.0,0.0,0.0,34000.0,0.0,0.0,1228000.0,21741000.0,14324000.0
2023-24,E09000007,Camden,13385000.0,0.0,1923000.0,5456000.0,0.0,0.0,0.0,0.0,27851000.0,20764000.0
2023-24,E09000001,City of London,0.0,0.0,0.0,423000.0,0.0,0.0,0.0,4971000.0,5394000.0,423000.0
2023-24,E09000008,Croydon,9342000.0,6018000.0,-254000.0,3601000.0,-169000.0,2100000.0,631000.0,5053000.0,27571000.0,20638000.0
2023-24,E09000009,Ealing,-302000.0,4035000.0,-41000.0,5202000.0,15000.0,0.0,0.0,14743000.0,23652000.0,8909000.0
2023-24,E09000010,Enfield,24326000.0,1518000.0,0.0,0.0,0.0,0.0,2040000.0,2386000.0,32228000.0,25844000.0
2023-24,E09000011,Greenwich,7521000.0,249000.0,0.0,9458000.0,-4987000.0,0.0,1346000.0,1923000.0,16499000.0,12241000.0
2023-24,E09000012,Hackney,11300000.0,2282000.0,6043000.0,639000.0,0.0,0.0,0.0,12712000.0,34620000.0,20264000.0
2023-24,E09000013,Hammersmith and Fulham,0.0,7170000.0,0.0,4240000.0,0.0,0.0,702000.0,4342000.0,18505000.0,11410000.0
2023-24,E09000014,Haringey,7152000.0,4215000.0,25000.0,3969000.0,275000.0,1290000.0,4358000.0,812000.0,23214000.0,16926000.0
2023-24,E09000015,Harrow,3549000.0,2608000.0,27000.0,1521000.0,-4224000.0,0.0,1526000.0,3423000.0,8430000.0,3481000.0
2023-24,E09000016,Havering,4799000.0,3952000.0,259000.0,458000.0,0.0,0.0,1331000.0,6035000.0,17760000.0,9468000.0
2023-24,E09000017,Hillingdon,0.0,0.0,0.0,8427000.0,0.0,434000.0,3465000.0,3187000.0,15513000.0,8861000.0
2023-24,E09000018,Hounslow,396000.0,2597000.0,0.0,2784000.0,0.0,128000.0,0.0,-339000.0,10361000.0,5905000.0
2023-24,E09000019,Islington,4688000.0,50000.0,0.0,0.0,0.0,-8000.0,584000.0,2663000.0,8397000.0,4730000.0
2023-24,E09000020,Kensington and Chelsea,0.0,9654000.0,0.0,1511000.0,214000.0,3514000.0,3261000.0,7677000.0,27562000.0,14893000.0
2023-24,E09000021,Kingston Upon Thames,0.0,3695000.0,0.0,7831000.0,0.0,0.0,805000.0,0.0,12331000.0,11526000.0
2023-24,E09000022,Lambeth,0.0,6000.0,0.0,46777000.0,0.0,0.0,0.0,5129000.0,51912000.0,46783000.0
2023-24,E09000023,Lewisham,3415000.0,8221000.0,-355000.0,19052000.0,-1429000.0,0.0,0.0,2953000.0,31857000.0,28904000.0
2023-24,E09000024,Merton,0.0,0.0,0.0,5153000.0,0.0,0.0,0.0,707000.0,5860000.0,5153000.0
2023-24,E09000025,Newham,31883000.0,686000.0,0.0,9800000.0,5409000.0,70000.0,3805000.0,4902000.0,56555000.0,47848000.0
2023-24,E09000026,Redbridge,10594000.0,6308000.0,-511000.0,7702000.0,-569000.0,0.0,2157000.0,8561000.0,37267000.0,23524000.0
2023-24,E09000027,Richmond upon Thames,4932000.0,840000.0,198000.0,842000.0,0.0,330000.0,1251000.0,2212000.0,12028000.0,7142000.0
2023-24,E09000028,Southwark,0.0,1934000.0,0.0,15562000.0,0.0,3941000.0,10056000.0,-87000.0,31406000.0,21437000.0
2023-24,E09000029,Sutton,0.0,438000.0,0.0,4290000.0,0.0,0.0,0.0,0.0,4728000.0,4728000.0
2023-24,E09000030,Tower Hamlets,1480000.0,120000.0,0.0,2467000.0,-7821000.0,0.0,5668000.0,5497000.0,12258000.0,-3754000.0
2023-24,E09000031,Waltham Forest,5993000.0,1646000.0,0.0,3567000.0,0.0,570000.0,1081000.0,5985000.0,19213000.0,11776000.0
2023-24,E09000032,Wandsworth,15759000.0,5232000.0,15000.0,2796000.0,0.0,0.0,0.0,16000.0,30638000.0,23802000.0
2023-24,E09000033,Westminster,31545000.0,13562000.0,0.0,4029000.0,-5594000.0,0.0,0.0,0.0,52494000.0,43542000.0
2024-25,E09000002,Barking and Dagenham,0.0,3359000.0,-947000.0,1540000.0,-1348000.0,0.0,2856000.0,3895000.0,9355000.0,2604000.0
2024-25,E09000003,Barnet,7617330.0,2659700.0,0.0,0.0,-222950.0,1366690.0,0.0,8845250.0,20266020.0,11420770.0
2024-25,E09000004,Bexley,1233000.0,4213000.0,687000.0,0.0,-685000.0,0.0,68000.0,41000.0,8222000.0,5448000.0
2024-25,E09000005,Brent,5174000.0,6626000.0,0.0,19134000.0,1605000.0,0.0,0.0,18631000.0,51170000.0,32539000.0
2024-25,E09000006,Bromley,18148000.0,2414000.0,0.0,0.0,-283000.0,0.0,0.0,1237000.0,28483000.0,20279000.0
2024-25,E09000007,Camden,11398000.0,0.0,1112000.0,9220000.0,0.0,0.0,2969000.0,3719000.0,33564000.0,21730000.0
2024-25,E09000001,City of London,0.0,0.0,0.0,-252000.0,0.0,0.0,0.0,5468000.0,5216000.0,-252000.0
2024-25,E09000008,Croydon,20855740.0,2465590.0,1355310.0,7686540.0,69940.0,1954360.0,1560000.0,5725040.0,43030320.0,34387480.0
2024-25,E09000009,Ealing,1783300.0,3180400.0,548000.0,4920600.0,159100.0,2168520.0,4003500.0,11357020.0,28687440.0,12759920.0
2024-25,E09000010,Enfield,20853100.0,8391060.0,0.0,0.0,0.0,28000.0,2822830.0,7537000.0,39609990.0,29272160.0
2024-25,E09000011,Greenwich,12789000.0,148000.0,0.0,3885000.0,-8908000.0,0.0,1346000.0,1914000.0,11833000.0,7914000.0
2024-25,E09000012,Hackney,25023000.0,-1088000.0,5809000.0,1389000.0,0.0,0.0,0.0,14540000.0,46819000.0,31133000.0
2024-25,E09000013,Hammersmith and Fulham,6432000.0,9585000.0,0.0,2215000.0,0.0,0.0,1083000.0,3897000.0,25141000.0,18232000.0
2024-25,E09000014,Haringey,13221000.0,4696000.0,336000.0,5146000.0,180000.0,1588000.0,4816000.0,883000.0,36653000.0,25167000.0
2024-25,E09000015,Harrow,6872000.0,1148000.0,13000.0,2945000.0,-2454000.0,0.0,1574000.0,3637000.0,13735000.0,8524000.0
2024-25,E09000016,Havering,5080000.0,2699000.0,562000.0,2130000.0,0.0,0.0,1512000.0,8050000.0,20445000.0,10471000.0
2024-25,E09000017,Hillingdon,0.0,0.0,0.0,12648000.0,0.0,119000.0,3960000.0,3847000.0,20574000.0,12767000.0
2024-25,E09000018,Hounslow,535000.0,1482000.0,0.0,7665000.0,0.0,33000.0,0.0,-17000.0,17303000.0,9715000.0
2024-25,E09000019,Islington,11212050.0,-61060.0,0.0,0.0,0.0,-1190.0,862690.0,2712110.0,15827180.0,11149800.0
2024-25,E09000020,Kensington and Chelsea,0.0,14731000.0,0.0,0.0,164000.0,482000.0,4547000.0,7964000.0,30820000.0,15377000.0
2024-25,E09000021,Kingston Upon Thames,241000.0,3098000.0,0.0,10222000.0,0.0,0.0,622000.0,8000.0,15062000.0,13561000.0
2024-25,E09000022,Lambeth,102351630.0,9763380.0,0.0,-40557290.0,0.0,0.0,2039350.0,6242320.0,79839390.0,71557720.0
2024-25,E09000023,Lewisham,4689000.0,8736000.0,-23000.0,25002000.0,-275000.0,0.0,0.0,2969000.0,41098000.0,38129000.0
2024-25,E09000024,Merton,8761020.0,0.0,0.0,899660.0,0.0,27680.0,0.0,656750.0,10345110.0,9688360.0
2024-25,E09000025,Newham,56134000.0,1341000.0,0.0,5206000.0,5253000.0,78000.0,3562000.0,5282000.0,76856000.0,68012000.0
2024-25,E09000026,Redbridge,12606000.0,4105000.0,-687000.0,5991000.0,-401000.0,0.0,1513000.0,10355000.0,35902000.0,21614000.0
2024-25,E09000027,Richmond upon Thames,6161000.0,850000.0,61000.0,1010000.0,0.0,366000.0,1396000.0,2321000.0,13702000.0,8448000.0
2024-25,E09000028,Southwark,28214000.0,7478000.0,0.0,0.0,0.0,0.0,11270480.0,86050.0,47048530.0,35692000.0
2024-25,E09000029,Sutton,7622000.0,389000.0,0.0,0.0,0.0,0.0,0.0,0.0,12895000.0,8011000.0
2024-25,E09000030,Tower Hamlets,-426000.0,13183000.0,0.0,7888000.0,-2634000.0,0.0,4082000.0,10950000.0,35296000.0,18011000.0
2024-25,E09000031,Waltham Forest,11290000.0,3533000.0,0.0,7771000.0,0.0,427000.0,1148000.0,5197000.0,29649000.0,23021000.0
2024-25,E09000032,Wandsworth,22189000.0,4645000.0,132000.0,4048000.0,0.0,0.0,0.0,146000.0,39977000.0,31014000.0
2024-25,E09000033,Westminster,47995570.0,17378960.0,0.0,13581970.0,-6465100.0,0.0,0.0,14557390.0,102036620.0,72491400.0
